Source	Target	Weight
46	1641	0.8095973581137536
46	2687	0.8114408925831192
53	150	0.800465716488691
53	232	0.8060339182834928
53	375	0.8090354895490266
53	497	0.8272806339845913
53	527	0.8447694706087989
53	665	0.8773673343406828
53	847	0.8090834346490995
53	933	0.8557782954717748
53	936	0.8510111244344626
53	940	0.8252753214578824
53	954	0.8406858194854769
53	961	0.8253566249945806
53	1007	0.8134043006305824
53	1096	0.9533543806082179
53	1112	0.8507806171872446
53	1155	0.8032001110689115
53	1558	0.8337072460809244
53	1645	0.8213373709468884
53	1864	0.836237235870096
53	2312	0.8080324793788481
53	2690	0.851457222545495
53	2742	0.8436380933614009
55	65	0.8068900844909106
55	578	0.82406211756975
55	920	0.8098947061326286
55	1582	0.8456108963245724
55	2838	0.826541098304355
55	2908	0.8564575977493807
65	578	0.8538279960432456
65	807	0.8126600851723547
65	809	0.8675658447993728
65	841	0.8399349970933905
65	920	0.8398886164844657
65	1582	0.8657027202426513
65	2148	0.8263524164438615
65	2838	0.8598478674958181
65	2908	0.8844557365510263
70	316	0.8142688755847663
70	355	0.821962559116015
70	802	0.8048838817841897
70	866	0.8202329757606455
70	1405	0.8391479798391018
70	1552	0.8175114917017053
70	1723	0.8243703005022812
70	1744	0.8438162891013491
70	1803	0.8307600837763212
70	1807	0.8079379462614914
70	1808	0.821572210114489
70	1811	0.8270206746979538
70	1903	0.82678533516292
70	1954	0.8194874903391866
70	2136	0.8003368763739043
70	2780	0.8137355912336725
70	2799	0.8024889518807543
75	150	0.9463646343603339
75	375	0.8330991640105472
75	527	0.8151057682769561
75	665	0.8187073092483648
75	933	0.8044669732462805
75	940	0.8256124631213146
75	961	0.8289164004405609
75	1096	0.8039450134176216
75	1558	0.8163194097766785
75	1645	0.8083933712020435
75	2690	0.8232307424892513
75	2742	0.8344840184450422
79	1876	0.860687336999556
83	162	0.8485736499489853
83	482	0.8267963754002038
83	1325	0.8178917121737708
90	1015	0.8299415813635005
90	2145	0.8170467162813558
100	420	0.8318947381090882
100	905	0.8143203774916332
100	1069	0.8938207501186081
100	1493	0.867392295211617
100	1512	0.8168201407411938
100	2250	0.8607971543557074
100	2292	0.8388748180276954
100	2299	0.8529182101184603
100	2403	0.8140847264800357
100	2470	0.8232059596428983
100	2698	0.8074327807399826
121	1346	0.8453532247790565
121	2102	0.8098318433167537
130	140	0.9875685480494173
131	1578	0.8194682175092411
131	2312	0.8142674985558345
131	2690	0.8205756854843373
150	324	0.8066599929339223
150	375	0.8366001284619862
150	527	0.8257330632009728
150	665	0.845353672184885
150	933	0.8309982949983118
150	936	0.8233206120535896
150	940	0.8596265087512244
150	954	0.8173291457684617
150	961	0.8594375050054166
150	1007	0.8166302070041508
150	1096	0.8205200841461133
150	1112	0.8298173193964029
150	1351	0.8152490876496151
150	1558	0.8352590629861255
150	1645	0.8185473428598629
150	2312	0.8041034510336098
150	2690	0.830357092826384
150	2742	0.82687507690128
151	1712	0.8318229042366264
154	558	0.8208480618618818
154	743	0.8246141343997768
154	812	0.8010323319721873
154	1749	0.8001344152771036
154	1789	0.8221961971699465
154	2030	0.8427411548094783
154	2427	0.8330069328713186
154	2497	0.8371911531351575
159	2690	0.802444351319388
169	1015	0.8127598410337956
171	1667	0.8410001426229741
171	2523	0.8673113625517636
183	217	0.8018405940045991
183	224	0.8223956101862911
183	1169	0.8059198362524715
183	1492	0.8142812241352837
183	2036	0.8140516732417171
183	2874	0.8313801097356244
184	407	0.8518948496161489
184	452	0.8304310364521048
184	504	0.8107996924584492
184	567	0.8571247293327288
184	957	0.812653178131634
184	990	0.8128590506603794
184	1017	0.8425899745444235
184	1022	0.801419194876248
184	1046	0.8312504290144251
184	1086	0.8100745251040021
184	1218	0.8026388286110575
184	1312	0.8008706363590221
184	1329	0.836448705123702
184	1486	0.8413313737180662
184	1578	0.8047302535564929
184	1666	0.8089771827329906
184	2038	0.8441568094450352
184	2259	0.8354255887812859
184	2404	0.8127281898764626
184	2455	0.8319352383600696
184	2644	0.8119231856606977
184	2728	0.8326680365973732
184	2796	0.8155918540078781
184	2827	0.8057430146981317
184	2832	0.8414196271526525
184	2889	0.8061731778695347
184	2928	0.8447319350499101
185	527	0.8110625975759378
185	665	0.8203236088799811
185	1096	0.8158213736367224
185	1153	0.8047248267129347
185	1155	0.8115935555034584
185	1864	0.8176800021278448
185	2284	0.8080987684659429
185	2312	0.8356984101449647
185	2690	0.8017404301601183
185	2742	0.8379264959466842
191	2037	0.803689436778255
217	1125	0.8053533073661477
224	1492	0.8349162663464132
224	2036	0.8010082443664213
227	632	0.8494287382265355
227	910	0.903326897558
227	927	0.8949835727946853
227	2706	0.9082700627141963
232	242	0.8109194364918504
232	300	0.8031234974527394
232	302	0.8325249624908
232	375	0.8217618088011037
232	419	0.8016033849089162
232	517	0.8491270908386572
232	527	0.8647975527294876
232	528	0.8495109026603677
232	537	0.8192120200086053
232	665	0.8839084320828295
232	752	0.841251694106633
232	896	0.80294368769909
232	898	0.8047137565360588
232	933	0.8728533927763098
232	936	0.8630233241370387
232	939	0.8171296739416072
232	940	0.8184701059779362
232	954	0.8695832789545526
232	961	0.8420735757197081
232	1007	0.8239761445049161
232	1053	0.8425921944845575
232	1092	0.8056736221699239
232	1096	0.8378663966132409
232	1112	0.8497782330959887
232	1155	0.8139980721045235
232	1316	0.8101271505618866
232	1351	0.8025055369866088
232	1353	0.8023368263565538
232	1558	0.8564822909684542
232	1645	0.8401856302810405
232	1832	0.847397421525303
232	1833	0.8311061666488833
232	1852	0.841218277568332
232	1864	0.8386706734132966
232	2080	0.8020509954600907
232	2284	0.8377004961273411
232	2312	0.8754277421424812
232	2347	0.8715739752304195
232	2690	0.8543557076197347
232	2742	0.8036676653795715
238	538	0.8312311713939505
238	863	0.8253885274423644
238	913	0.8327240190218416
238	1250	0.8072001984359781
238	1316	0.8149542512035248
238	1756	0.8109634829919394
242	375	0.8268107026732034
242	527	0.8595770845779197
242	665	0.821485947948334
242	933	0.8345560411256429
242	936	0.8346923781461999
242	954	0.8491345886654786
242	961	0.8441714534424146
242	1007	0.8011421193296931
242	1053	0.8350703450205751
242	1096	0.8240823960633552
242	1112	0.8022069683585438
242	1353	0.8898119801052399
242	1558	0.8418603380356806
242	1683	0.8288795441727761
242	2286	0.8112218028662429
242	2754	0.8093888946866717
260	2015	0.8105472854076968
266	426	0.8076460275776228
266	1463	0.8577245211669924
266	1752	0.8115838076585379
266	2259	0.8056748928823522
276	364	0.8858257924048619
276	1126	0.8993203155201474
278	398	0.841758151730824
278	1426	0.9390549555893505
284	2324	0.9088404960394312
299	1945	0.8034040079150527
300	509	0.808009011813101
300	517	0.8270821347689199
300	527	0.8206586943049837
300	528	0.817499517453369
300	665	0.8117507570522743
300	837	0.9091103714799511
300	933	0.8021982481137266
300	1832	0.8097907818287965
300	1864	0.8225794273354168
302	419	0.864251344577948
302	527	0.8256676601293886
302	537	0.8853985871568066
302	665	0.867112365949353
302	744	0.8438991933677886
302	898	0.8367616493799888
302	899	0.8070477222801239
302	933	0.8591065288581283
302	936	0.8404069251081298
302	938	0.8193004810553465
302	939	0.8355606595625228
302	940	0.8494188462459613
302	954	0.89192196768007
302	961	0.830935548019182
302	1007	0.8602035554956868
302	1053	0.8386304844927948
302	1112	0.8846343592025494
302	1351	0.8012096076361341
302	1558	0.8292355936890415
302	1645	0.8277906923802468
302	2312	0.8188478520733373
302	2347	0.8774208274928781
302	2479	0.8495750814129635
302	2690	0.8315614409586283
302	2932	0.8005653979695939
304	1249	0.8518755127463828
308	309	0.8870233922664101
314	316	0.8134270421016937
314	346	0.8310839974774387
314	355	0.8117603531207016
314	716	0.8017487378861571
314	1405	0.831356777058275
314	1552	0.8275998473039863
314	1800	0.8292637452483391
314	1803	0.8157916998118828
314	1807	0.815486844022409
314	1808	0.8306234924152199
314	1811	0.8228134759175482
314	2136	0.8176368541106107
314	2774	0.8035391223165717
316	355	0.8334125083154256
316	894	0.8006498542627779
316	947	0.8096286210731821
316	1405	0.8054879629353001
316	1516	0.8026496848266695
316	1521	0.8166608751195955
316	1691	0.8501226721732383
316	1698	0.8539470554564855
316	1723	0.8053682686776331
316	1744	0.8527716301929865
316	1745	0.8021983467044437
316	1783	0.8718885539140332
316	1786	0.8160810778876672
316	1787	0.8111691793908857
316	1791	0.8218961629869683
316	1800	0.8521401301314361
316	1803	0.8726843265470963
316	1804	0.8116883934130966
316	1805	0.8404745739536377
316	1807	0.8361638341638031
316	1808	0.8385727602278595
316	1811	0.8433381378310177
316	1836	0.853885184317172
316	1872	0.8369709605755395
316	1899	0.8087494868360434
316	1903	0.8432969803311889
316	1936	0.8080718613567928
316	1954	0.8744999463458688
316	1962	0.8157660808431311
316	2136	0.8123772779395876
316	2774	0.8019720865279757
316	2779	0.8060470542463931
316	2816	0.8337419998176836
321	591	0.8248366342988601
321	897	0.8468455031423757
321	1214	0.8275673383115312
321	1236	0.8115519421064188
321	1894	0.8020201526505543
321	1987	0.8273357574595965
321	2080	0.9121873660028748
321	2417	0.8721472330845582
321	2527	0.8225014543966312
324	375	0.8662424018460518
324	537	0.819394496248284
324	933	0.8109014010931239
324	939	0.8545834664427551
324	940	0.8144919153024381
324	961	0.8339193578903401
324	1351	0.8259899511763203
324	1558	0.817990987056258
331	2276	0.884734443836443
340	1921	0.8379069464171471
340	2522	0.8134823901071584
355	1405	0.8353191707148079
355	1521	0.8167246336722319
355	1552	0.8361242845679225
355	1698	0.8017855211961665
355	1744	0.8291953152711671
355	1800	0.8363504155468598
355	1803	0.805236897195337
355	1808	0.8429187954625559
355	1836	0.8200152650941153
355	2136	0.836989560652762
362	827	0.8033060004433449
364	1126	0.8940683644498124
367	372	0.8117957326985438
367	566	0.8859626381852248
367	2314	0.8632738620538885
367	2571	0.8901340824983888
372	566	0.832463784679122
372	2314	0.8432064141135778
372	2571	0.8633957459497236
374	1783	0.8092254573681948
374	1803	0.8008185054561285
374	1811	0.8142491955217969
374	1903	0.8258201963396231
375	527	0.8535963672279822
375	537	0.8072522453206066
375	665	0.858378667767176
375	752	0.8358762820384112
375	847	0.8454237955319948
375	933	0.8991311277350394
375	936	0.8665580837793598
375	939	0.8422822164359222
375	940	0.8753783922528775
375	954	0.8324813119659952
375	961	0.9079529061444938
375	1007	0.820451940675084
375	1096	0.8263093250122171
375	1112	0.8291107926423524
375	1351	0.8648245741082193
375	1558	0.8904613178117864
375	1645	0.8555048289360961
375	1669	0.8073034206405618
375	1683	0.8061522927163803
375	1852	0.8115330207332104
375	1864	0.8245680491358752
375	2312	0.8015611700490222
375	2690	0.8116942021881755
375	2742	0.8402938837704117
375	2754	0.8000329040579502
376	407	0.8114838999715179
376	461	0.8213603405280685
376	1046	0.8412962184555192
376	1218	0.8040512872110338
376	2728	0.8105866586906391
376	2796	0.8026822876959199
376	2832	0.8247172419325092
377	407	0.8148133418385436
377	504	0.8602870875424012
377	567	0.8482120284582464
377	1022	0.8071494398915254
377	2565	0.8192521428198681
377	2889	0.8079409830056201
385	2859	0.8229290719615152
396	804	0.8039873363896984
396	852	0.8059890223358969
396	943	0.8338956360572931
396	1448	0.8117581009323972
396	2821	0.8267570729135687
398	1426	0.8554576206014137
403	1405	0.8094538021425836
403	1552	0.8181279151476006
403	1808	0.8038711733455229
403	1936	0.8172221040858084
403	2136	0.8301479040245049
407	426	0.8309222719736501
407	452	0.8202237569500092
407	504	0.8185887535114809
407	567	0.8258768018192333
407	954	0.82371239221964
407	957	0.8233191359338526
407	1017	0.838309179953362
407	1022	0.8410454828162971
407	1046	0.8150882912893898
407	1147	0.8014440575830051
407	1218	0.8425991252497564
407	1463	0.8011868299049624
407	1486	0.8525648354585755
407	1578	0.8656344398724847
407	1666	0.8150549048440576
407	2140	0.8426121154689946
407	2178	0.825920240508056
407	2259	0.807315773758138
407	2312	0.8357271558240099
407	2589	0.8407575335068883
407	2796	0.8024183766390662
407	2832	0.8171360555732551
407	2928	0.8297635448214549
409	1462	0.8094976059441892
411	452	0.8068011730205374
411	671	0.8021537513365694
419	537	0.8629172409461264
419	665	0.8399925478458227
419	898	0.8462338241581372
419	899	0.8294649456735251
419	933	0.8293746856652052
419	936	0.8139991259104056
419	938	0.8645587718085065
419	939	0.8610815829581286
419	940	0.8555125973766974
419	954	0.8304452266868505
419	961	0.8238958599952773
419	1007	0.8576587645992613
419	1053	0.8148927996336197
419	1112	0.8089908429777236
419	1558	0.8090216373987886
419	1645	0.814912185684203
419	1852	0.8209367366583562
419	2213	0.8062757813496928
419	2347	0.8219570701424449
419	2479	0.8535079733085658
419	2690	0.8041915822396976
420	749	0.8213695758472652
420	1069	0.8265214881981554
420	1511	0.8124997149929434
420	2419	0.8469554502689791
420	2802	0.8547346994795949
423	866	0.820059733654621
423	1405	0.8353774925898284
423	1744	0.8264493182546699
423	1784	0.8376271630036835
423	1803	0.8263543400824095
423	1807	0.8105351455525119
423	1808	0.8265365851250285
423	1811	0.8304521552156384
423	1836	0.805129520806555
423	1903	0.8112832602073928
423	2136	0.8204355379097403
423	2780	0.8138755151096012
423	2792	0.8124705388280539
426	1188	0.8195178780733254
426	1463	0.8468576704467259
426	1578	0.848124300862171
426	1666	0.8314289977764163
426	1752	0.8433566464841972
426	2089	0.8132553556431428
426	2178	0.8430712446622347
426	2928	0.8230060057950522
431	2889	0.8083225782543393
452	957	0.8257342491146817
452	1046	0.8062047268494954
452	1329	0.8014739699433666
452	2328	0.8086506113064168
452	2644	0.8444596493601066
452	2832	0.8046050952330298
452	2928	0.8217680199300086
453	2655	0.825876010949233
459	1454	0.876530610117323
461	2048	0.8131791119613212
463	1824	0.8523711775162014
472	688	0.9866427501699437
472	2236	0.8736833405164923
479	1251	0.8209700037674593
479	2036	0.8135606139410207
482	1042	0.9125277078599406
482	1325	0.8836469739986123
486	2931	0.8928999467636979
488	880	0.8082265878255588
492	493	0.9758430561341552
495	743	0.8450531051062382
495	2691	0.802880706226063
497	1096	0.854434991784341
497	2312	0.8135992112325238
504	567	0.8607198088886108
504	957	0.826026456096942
504	1022	0.8104057872811774
504	1578	0.8027609065614103
504	2048	0.8354727955335071
509	517	0.862683199682981
509	527	0.8471110327376979
509	528	0.8315339089763941
509	537	0.8042421870398271
509	665	0.8483327467535781
509	933	0.8470452461071454
509	936	0.8140780283581455
509	940	0.8009415350430504
509	961	0.8103571880805066
509	1007	0.8096588976676637
509	1112	0.810810791015037
509	1155	0.8137313220688391
509	1558	0.8496689567699444
509	1864	0.8258248434285655
509	2690	0.8066804935386526
509	2742	0.801149071140774
512	1329	0.831171348624851
512	1824	0.8646875552032811
512	2505	0.8035868209943755
512	2602	0.8077390162524798
512	2644	0.8616015915502365
517	527	0.8781472703918873
517	528	0.9472223010395627
517	537	0.8011296460275084
517	665	0.8962051216696153
517	898	0.8148258493832906
517	899	0.8351299385615406
517	933	0.8614235860075163
517	936	0.8353821409389514
517	940	0.8300693043138858
517	954	0.8386417469073362
517	961	0.834885292676562
517	1007	0.8368672065820357
517	1053	0.8290849684649795
517	1096	0.8027862126648124
517	1107	0.8336953659601362
517	1112	0.8248913421078826
517	1153	0.8058521067954676
517	1155	0.8273340678915281
517	1316	0.8176612248900724
517	1558	0.8361266907769489
517	1832	0.8533852324903028
517	1833	0.8438813231458434
517	1852	0.8381468603209229
517	1864	0.8494734210642927
517	2312	0.8331646301229388
517	2347	0.8205571710253702
517	2690	0.8087354364051538
527	528	0.8680523520429533
527	537	0.8244835867249048
527	665	0.9366736675056223
527	752	0.8463245037846359
527	837	0.8151447361011591
527	847	0.8330888832244278
527	898	0.8280944663927323
527	899	0.8359025546199637
527	933	0.9015782456906389
527	936	0.8794322923156183
527	939	0.8257358051005608
527	940	0.8619665576127621
527	954	0.8703251888970516
527	961	0.8747742135966002
527	1007	0.8696570808778715
527	1053	0.854425985819297
527	1096	0.8833914819750565
527	1107	0.8032749087791284
527	1112	0.8755830800554392
527	1153	0.8556602447595995
527	1155	0.8542922864820328
527	1316	0.8426970857449668
527	1351	0.8365723429302591
527	1353	0.8123427410655774
527	1443	0.8062820592187684
527	1558	0.9061433642357568
527	1645	0.8447197418852382
527	1683	0.8055641713277731
527	1832	0.839178431430304
527	1833	0.835312389357796
527	1852	0.8554239628630045
527	1864	0.8834435638425067
527	2213	0.8003071690847385
527	2284	0.804439997870277
527	2312	0.8604169793996483
527	2347	0.8606325808469515
527	2690	0.888839012550623
527	2742	0.8614085838153277
528	537	0.8201081909474056
528	665	0.881140334691334
528	752	0.8124414554762104
528	898	0.8049401812056863
528	899	0.8349707191237137
528	933	0.8495293982427968
528	936	0.8318463098489027
528	940	0.8142412949179808
528	954	0.8245780977049053
528	961	0.8162597402493421
528	1007	0.8161407348287592
528	1053	0.8277556520682641
528	1107	0.8313034954538757
528	1112	0.8255029340016178
528	1316	0.8002374673442657
528	1558	0.8387517843754464
528	1832	0.8563297011285588
528	1833	0.843445451331717
528	1852	0.8048207322588897
528	1864	0.8473070784488728
528	2312	0.8174580559507073
528	2347	0.8113360565532289
537	665	0.8809819850139742
537	744	0.8071413259032142
537	898	0.8548480176042712
537	899	0.836766272546134
537	933	0.8609210545939402
537	936	0.8475902654627278
537	938	0.8648333205266676
537	939	0.8640826179784145
537	940	0.8663444967819739
537	954	0.8521316869790398
537	961	0.8415009008886412
537	1007	0.8694359958583823
537	1053	0.8472816332542971
537	1096	0.8057912110914409
537	1112	0.8535624285781309
537	1351	0.8203370667666336
537	1443	0.8264099666245446
537	1558	0.845997011943506
537	1645	0.8163320053756059
537	1852	0.8191122983752928
537	1864	0.8291701723772743
537	2213	0.8362893534625375
537	2312	0.8123495947729018
537	2347	0.8242977762315458
537	2479	0.8349828932274042
537	2690	0.8319325768718804
538	768	0.8301011103155409
538	804	0.8240628470110825
538	827	0.8203589636166907
538	863	0.8168368387650826
538	913	0.8445337149284875
538	1250	0.8419909937336688
538	1264	0.8246294099513695
538	1316	0.8266826749494961
538	1860	0.837288871202384
555	640	0.9397811052643763
558	812	0.8303419795992485
558	1749	0.8523263067634278
558	2030	0.8378860006064419
566	2314	0.885097182229907
566	2571	0.8610379303010377
567	957	0.8271396116255235
567	1017	0.8262314654760957
567	1022	0.8871814923109607
567	1046	0.8089057890204312
567	1218	0.8751347521549998
567	1312	0.8071572504169917
567	1486	0.8936243710876096
567	1578	0.8327701923444758
567	2038	0.817980756014993
567	2259	0.8698650192277214
567	2404	0.8081252268548939
567	2589	0.8424823645779622
567	2832	0.8253160293121656
567	2889	0.8407813796681047
567	2928	0.8690118508528627
578	807	0.8149666921366707
578	841	0.838168165206158
578	920	0.8448329235578197
578	1582	0.8802210992557506
578	2148	0.8022665866800561
578	2838	0.9085339576171104
578	2908	0.9019472184813709
581	715	0.8040363819744112
582	1530	0.8078868112072054
591	897	0.8104441800548328
591	2080	0.8056138132902537
591	2417	0.8066493035913066
591	2527	0.8068157168385873
601	754	0.8173850228681718
604	1361	0.9999999738107811
607	1329	0.8131262122000761
612	696	0.8141386970964696
612	708	0.8461738657091187
612	812	0.8434986854494296
612	897	0.8233586730531572
612	1749	0.8694798115983775
612	1789	0.8389296901029569
612	2080	0.8217670717062259
621	696	0.8400248553331124
621	2030	0.819562249103118
621	2080	0.8022741990634169
632	927	0.8518490697591905
632	1616	0.8579903411639722
632	2706	0.8426699327203802
634	1112	0.8008166836895173
638	1411	0.8035459895161617
665	744	0.8321663918348331
665	752	0.841931247193794
665	837	0.8058109823825089
665	847	0.8238347099661245
665	898	0.8803443018071754
665	899	0.8791111058586218
665	933	0.929381086584587
665	936	0.915880691008495
665	938	0.83489916354675
665	939	0.8455454399187899
665	940	0.9026370571836939
665	954	0.9208058955718887
665	961	0.8918932657625549
665	1007	0.9217407168226709
665	1053	0.8629899504956166
665	1092	0.8164816557806689
665	1096	0.9019571360680965
665	1107	0.8107360702167627
665	1112	0.9207602433974722
665	1130	0.8130693633321202
665	1153	0.8383450349827671
665	1155	0.854524465073627
665	1159	0.8035082036147319
665	1187	0.8293214010624137
665	1316	0.8366394093231508
665	1351	0.8469783900997195
665	1353	0.8103200304832233
665	1443	0.8512669169247495
665	1558	0.9162318631245286
665	1645	0.8756257275075828
665	1683	0.830968897295543
665	1832	0.8303412049849226
665	1833	0.8195035195431569
665	1852	0.8941584134493172
665	1864	0.9103335082269003
665	2213	0.8592410082503773
665	2284	0.8447758376292301
665	2312	0.8928360038670008
665	2347	0.884585179667638
665	2479	0.8387795009563563
665	2510	0.8036122375873457
665	2690	0.924763654529343
665	2742	0.8846931480160246
669	1908	0.829895696574278
671	1329	0.8009191653778125
671	1824	0.8001300237107567
686	969	0.8889421602707105
686	1595	0.8128402685680441
686	2179	0.8406247713719927
688	2236	0.869419383271917
693	1824	0.805982160378324
696	812	0.8333106584577787
696	1749	0.8312983034735294
696	2030	0.8330662038857003
696	2427	0.8003679878948288
708	1749	0.8057838343158696
708	2080	0.8634633662203941
708	2910	0.8397277829102707
716	1405	0.8160625415381745
716	1744	0.8045237808879893
716	1954	0.8011804801607897
743	889	0.8156732998478543
743	2030	0.8203209437354746
743	2035	0.8182843208285357
743	2636	0.827118412156607
743	2691	0.8608222328331311
744	933	0.8328936363038508
744	936	0.8145704412805044
744	940	0.8191336405271851
744	954	0.8798560071396855
744	1007	0.8272355296726139
744	1053	0.8006293765662299
744	1112	0.8481064715305164
744	2347	0.8442245357669083
749	1511	0.8402796721113064
749	2250	0.8008844194625376
752	933	0.869924030702618
752	936	0.8325142332159448
752	940	0.8060337709009352
752	954	0.8138425231190709
752	961	0.8256535549635475
752	1007	0.8192801788140809
752	1053	0.8048582047875894
752	1096	0.8180632891828453
752	1112	0.8323994280341788
752	1316	0.8234261175664737
752	1351	0.8153084366712512
752	1558	0.8677373600222377
752	1683	0.8132019909557416
752	1832	0.813801904964782
752	1833	0.8007348802191994
752	1852	0.8284150675767963
752	1864	0.8108425900086712
752	2347	0.8180650611688645
752	2690	0.8048834168894804
752	2742	0.8155947867577206
760	1561	0.8118432344854175
763	1551	0.8918586680723729
763	1772	0.8110308085838789
763	2107	0.8583233309363508
763	2628	0.8151907626324797
784	1405	0.8005193315809974
791	935	0.8222428705232397
795	860	0.8185998280851308
795	2123	0.8567027907963422
796	1292	0.8904210942816279
796	1295	0.880686316997224
796	2072	0.8460098916743377
796	2388	0.8574715877386081
802	1405	0.8096187909672569
802	1552	0.8485332120315858
802	1744	0.8156991501047298
802	1791	0.8139946043195592
802	1800	0.815584249746608
802	1803	0.8060991077983377
802	1808	0.8150037796608315
802	1811	0.8189786724972706
802	1836	0.8090993152588914
802	1903	0.8017994107995982
802	1936	0.8116242928490915
802	1962	0.8060804096645329
802	2136	0.8204896183856415
802	2780	0.8281683225384999
802	2792	0.8156217275418035
802	2799	0.8075181944430161
804	827	0.8250187754747249
804	1250	0.8017792175079389
804	1264	0.8014715652273825
804	1462	0.8204196832507303
804	1860	0.8362706928255861
804	2347	0.822049621903974
807	920	0.8185978411521515
807	1582	0.8439309100142812
807	2838	0.8126522584635513
807	2908	0.8522971100443076
809	841	0.8364118238847964
809	2838	0.839767602633365
809	2908	0.8216230046504637
812	897	0.8074288428025612
812	914	0.8262754612746908
812	1749	0.9106013366381543
812	1789	0.8539770983149418
812	2030	0.8671966818829983
812	2080	0.8270072040408762
812	2427	0.8647810079231394
825	2668	0.8933333356532566
827	863	0.8137466874759063
827	913	0.8284157335689357
827	1053	0.8003350612795722
827	1077	0.8064663551071289
827	1111	0.8086845739184637
827	1248	0.8491610111071124
827	1250	0.8526530621872517
827	1316	0.8454417738346809
827	1860	0.8384016975505441
827	2347	0.8127601193886038
841	2838	0.8439433293524673
841	2908	0.8508556958962524
843	878	0.8179504993542629
843	974	0.8260740451846164
843	1005	0.8580998588943443
843	1756	0.8140631669482565
843	2580	0.8172436737709723
847	933	0.8489356665088172
847	936	0.8406329041911679
847	940	0.8071281034396979
847	954	0.8104106212181268
847	961	0.8397529024934454
847	1096	0.8119480083322083
847	1123	0.8292625620276728
847	1558	0.8517298066720551
847	1683	0.803943581652063
847	2690	0.8233491432732871
847	2742	0.8047678997002244
850	852	0.8014280743600436
850	1910	0.8197679168726082
852	943	0.817474497720596
852	995	0.8073267228394277
852	1061	0.8119932587329209
852	1448	0.8021393705136113
863	878	0.8226375077353018
863	913	0.81514241723714
863	955	0.8277771147736193
863	1111	0.8541836813500806
863	1248	0.8346492035383817
863	1250	0.8539365185946689
863	1860	0.8500857551542808
866	947	0.8181426125164605
866	1405	0.8333819816174871
866	1521	0.8094206538838067
866	1552	0.8049723072401147
866	1698	0.8016536809569413
866	1744	0.856575898456746
866	1784	0.8334056286408024
866	1803	0.8674443325473833
866	1805	0.8075272930012325
866	1807	0.8104695113832275
866	1808	0.8594149669505341
866	1811	0.8317846294856674
866	1836	0.8415604159435144
866	1903	0.8154997703871206
866	1936	0.8237988808540146
866	1954	0.832507719388497
866	1962	0.8383328813680907
866	2136	0.8210123235902593
866	2774	0.8000953994477472
866	2780	0.8423384722214367
866	2791	0.801079447321262
866	2792	0.8118019395210655
873	2528	0.8234830184965346
878	913	0.8311213679663022
878	974	0.8651012613992209
878	1005	0.8210572692190393
878	1756	0.8689094682689182
880	1005	0.8324800307516033
880	1319	0.8000890466997611
880	1487	0.8061221844469351
884	2102	0.830294872013018
884	2312	0.8267702599318864
894	1811	0.8021781424870478
894	1903	0.8208992605029802
896	1053	0.8038784775725394
896	1351	0.8081705361843022
896	2347	0.8107037035147097
897	1273	0.816703728391429
897	1749	0.8237170891157115
897	2080	0.84258013105816
897	2200	0.8527394926181956
897	2417	0.8399727492326914
898	899	0.8932549839756403
898	933	0.8534297943918434
898	936	0.845023962088425
898	938	0.8300172521906225
898	940	0.8853402199788181
898	954	0.8403069939257467
898	961	0.8515772641277906
898	1007	0.8597852682365097
898	1053	0.8062255224620212
898	1096	0.8146829820385383
898	1112	0.8499702385539601
898	1443	0.8212912856211587
898	1558	0.8386147729751274
898	1645	0.8043027602913269
898	1852	0.8098833197942861
898	1864	0.869221671793575
898	2213	0.8211394027965032
898	2312	0.8217101221635097
898	2479	0.83982292831616
898	2690	0.8426510736690415
898	2742	0.8338762890475965
899	933	0.8401774499372535
899	936	0.8294946791355833
899	938	0.8455675905508068
899	940	0.8558402543860679
899	954	0.8057749403305549
899	961	0.8234141676601963
899	1007	0.8292210889071014
899	1112	0.8252910572168003
899	1443	0.8023584458510631
899	1558	0.8264709226834535
899	1864	0.8573478985218451
899	2213	0.8386098322588422
899	2312	0.8008223610505462
899	2479	0.8230555748272208
899	2690	0.8254527564496801
899	2742	0.8124032722015664
903	1004	0.8541883884531895
903	1528	0.8419899510979745
903	1715	0.8290515992461395
903	2035	0.8047594697573602
903	2492	0.8002775637543492
903	2636	0.8086184288407277
903	2691	0.8491639918614846
905	1069	0.8216545660047208
905	1493	0.8241405343935688
905	2470	0.8111466798929734
905	2531	0.8142994318134164
910	927	0.857203730702193
910	2706	0.8941336010922009
912	2301	0.8196763964445067
913	955	0.824239779492276
913	974	0.8192764538798225
913	1005	0.8239645667420208
913	1077	0.8033734612816559
913	1250	0.8346081494648322
913	1316	0.8286205341837798
913	1718	0.8242264922315012
913	1756	0.804145642538475
914	1749	0.8411116467714366
914	1789	0.8193254296069232
914	2030	0.8255400861997841
920	1582	0.8464664359057671
920	2838	0.8453895074696438
920	2908	0.8469538462629536
927	2706	0.9044239643239572
931	938	0.8011469753425099
933	936	0.9315428415373408
933	938	0.8116754007753741
933	939	0.8678264999730494
933	940	0.9124896038177518
933	954	0.9243788464516108
933	961	0.9338206340645118
933	1007	0.89982437629064
933	1053	0.8638025744372294
933	1092	0.8095929840710628
933	1096	0.8905900219761909
933	1112	0.9099158142085921
933	1155	0.8109239282977523
933	1316	0.8341420918866459
933	1351	0.8576560509145559
933	1353	0.8134748053481001
933	1443	0.8399772710160518
933	1558	0.9223476096575515
933	1645	0.8690743274250501
933	1683	0.843565901422546
933	1832	0.8160109718067835
933	1852	0.8585059608748236
933	1864	0.8789823358479394
933	2213	0.8151858234954036
933	2284	0.8130889946339375
933	2312	0.8640616468405906
933	2347	0.8668288371523676
933	2469	0.803807914274317
933	2479	0.8011536903133792
933	2690	0.8890168697150275
933	2742	0.8785656176936781
935	1303	0.8048888082084795
935	1346	0.8061508290215676
935	2102	0.8282948741629282
936	938	0.8089578441179515
936	939	0.8239158962981156
936	940	0.8905474027547613
936	954	0.9165352096502903
936	961	0.8983536928422352
936	1007	0.8804036160202784
936	1053	0.8525526775725325
936	1096	0.8760724093970613
936	1112	0.8949153253885983
936	1187	0.8044184777836996
936	1351	0.8479069166740432
936	1353	0.8291633279574605
936	1443	0.8444331503201596
936	1558	0.8961999355911567
936	1645	0.8635286906083574
936	1683	0.849527137039167
936	1832	0.8017720103394689
936	1852	0.8486804205084328
936	1864	0.8615339688550772
936	2284	0.8274975956800796
936	2312	0.8733340591668745
936	2347	0.8724278323252317
936	2479	0.8256007080226563
936	2690	0.8754685863474394
936	2742	0.8622445105682993
936	2754	0.8060610018658253
938	939	0.8514648545867242
938	940	0.833351812728813
938	954	0.8093018153331849
938	1007	0.8353129952775437
938	1864	0.8012478284461352
938	2213	0.8081644943063985
939	940	0.8796187600884773
939	954	0.8355352850031966
939	961	0.8939719278202085
939	1007	0.8359779311036079
939	1053	0.8159412028876483
939	1096	0.8001266993854566
939	1112	0.8084747124088304
939	1351	0.8422386094875635
939	1443	0.8023493360306954
939	1558	0.870551427394728
939	1645	0.8172623095858865
939	1852	0.8017815361115513
939	2690	0.8054735597546592
940	954	0.8903645390038225
940	961	0.9400297265480392
940	1007	0.8960727582983498
940	1053	0.8191760547806411
940	1096	0.8414650032743445
940	1112	0.8830512955526602
940	1351	0.8499607296640919
940	1443	0.8232353638637039
940	1558	0.8970961105537119
940	1645	0.8780300460218943
940	1683	0.8169191646487981
940	1852	0.8259548382199434
940	1864	0.8681275726971943
940	2213	0.8364691566757267
940	2312	0.8289816597794516
940	2347	0.8176547594000727
940	2479	0.8227676286215452
940	2690	0.8708933021126456
940	2742	0.8633364937325598
943	1061	0.8084834420957141
943	1448	0.8005329840777401
947	1783	0.8195803235987528
947	1803	0.8199580511732794
947	1807	0.8261536721426403
947	1872	0.8357230945345941
947	1954	0.8046315548912224
947	2774	0.8258275758580126
948	1808	0.8031879231699707
954	961	0.8993444286595381
954	1007	0.8936025152545987
954	1053	0.8550104474502389
954	1092	0.8055217157297704
954	1096	0.8743145849837107
954	1112	0.917577009470265
954	1187	0.8175106969047393
954	1270	0.8118719773954426
954	1316	0.8185056054695683
954	1351	0.8120198952679469
954	1353	0.8479975608870941
954	1443	0.8240553302915337
954	1558	0.8859896491290228
954	1645	0.8697620460567198
954	1683	0.8535411132377486
954	1852	0.8360268132778617
954	1864	0.8392605058007506
954	2286	0.8006074824022281
954	2306	0.8185981129947906
954	2312	0.8695032168059761
954	2347	0.895667085086347
954	2479	0.8472939168511406
954	2690	0.8981686381939389
954	2742	0.8532616760743844
957	1022	0.8248962349730318
957	1046	0.805901440282972
957	1218	0.8013480919831716
957	1486	0.8370105956440568
957	2038	0.8048540454430314
957	2404	0.8273482195657833
957	2828	0.8035562968708444
957	2832	0.8506448089113561
957	2889	0.8065746100668951
957	2928	0.8133129391117107
961	1007	0.8814048451099435
961	1053	0.8349295121089054
961	1096	0.8572760126547923
961	1112	0.876693457946827
961	1351	0.8551770852652415
961	1353	0.8118516863695189
961	1443	0.8175737861862787
961	1558	0.914863307810234
961	1645	0.8682601471469291
961	1683	0.8368075168364377
961	1852	0.828840657714704
961	1864	0.853496102304517
961	2213	0.8005742825650248
961	2312	0.8246287724234946
961	2347	0.8138633933823431
961	2690	0.8478831314664577
961	2742	0.8438363764775995
969	1595	0.8124303274287542
969	2179	0.8744331591150215
974	1005	0.8460755859918015
974	1756	0.8195863946383161
990	2644	0.8263523561629427
996	1222	0.8167042451814327
996	2578	0.8092535811938255
1004	1528	0.8900052774283708
1004	2035	0.8465266116848015
1004	2636	0.8554245973648779
1004	2691	0.8918306177495915
1007	1053	0.8555353882603716
1007	1096	0.8554136088202
1007	1112	0.889340192881344
1007	1155	0.8007843582040077
1007	1316	0.8056978690915575
1007	1351	0.8059159202563384
1007	1443	0.8165058971977358
1007	1558	0.8950233644976826
1007	1645	0.8673464937360656
1007	1683	0.8146047354240595
1007	1852	0.8747785314508247
1007	1864	0.8646138624142243
1007	2213	0.8114533640939
1007	2312	0.8423223973677518
1007	2347	0.8545318298056116
1007	2479	0.8421209108581166
1007	2690	0.8744763471342902
1007	2742	0.8353898188946491
1008	1046	0.819330060885844
1008	2644	0.8012893637403635
1009	1027	0.8884569152880225
1012	1100	0.8262744660853643
1015	2347	0.8061405609081208
1015	2636	0.8100873959084411
1017	1022	0.8360003415574528
1017	1218	0.805978767309709
1017	1486	0.8547290699725608
1017	1578	0.8096638104342386
1017	2038	0.8520397576572711
1017	2259	0.8649816253251457
1017	2455	0.8445977793857407
1017	2589	0.8341382785400585
1017	2889	0.8037025520628126
1017	2928	0.8256826049371867
1022	1046	0.8027765003101452
1022	1218	0.8598866252331129
1022	1486	0.8961102697877951
1022	1578	0.8273258783760774
1022	2140	0.8480306336606368
1022	2178	0.825271838318513
1022	2259	0.8639894912115521
1022	2589	0.8889534392497694
1022	2747	0.8522807028947946
1022	2832	0.8201612359512095
1022	2889	0.8226176302677409
1022	2928	0.8630603164562521
1040	1811	0.8074081032479123
1040	2136	0.8046648603123225
1042	1325	0.8595435265525472
1046	1086	0.8049654665286277
1046	1218	0.8458338049291165
1046	1486	0.8460634820537165
1046	2038	0.8081840305951615
1046	2589	0.8021308478123655
1046	2703	0.8199576708137954
1046	2728	0.8259780087599914
1046	2796	0.860004537956293
1046	2832	0.8339237277555566
1046	2928	0.8121240045208014
1053	1096	0.8073180516514935
1053	1112	0.8386518242684871
1053	1351	0.8053905710021643
1053	1353	0.8498189318995658
1053	1558	0.827378816196924
1053	1645	0.8029400390045142
1053	1683	0.8096819358894766
1053	1832	0.8111296788325608
1053	1852	0.8025389592564923
1053	1864	0.8117308426826978
1053	2312	0.8021531153718436
1053	2347	0.8796022550735972
1053	2479	0.8138684958703515
1053	2690	0.8025024131162557
1061	1448	0.8257128777823731
1061	2103	0.8000295869161218
1069	1493	0.8937434832599511
1069	1512	0.8007972403502905
1069	2250	0.9044281108752843
1069	2292	0.853336319457777
1069	2299	0.8243011339359437
1069	2403	0.8049537490722722
1069	2470	0.8759869657463989
1069	2802	0.809488447416982
1077	1297	0.8309685058909037
1077	2754	0.8006227506784196
1078	2529	0.8691033911831437
1086	1329	0.8006844071266799
1086	2142	0.806159649063552
1086	2644	0.8154994224227962
1086	2796	0.8275427589615295
1092	1112	0.8242595413908522
1092	1130	0.801973665917439
1092	1443	0.8066530005119158
1092	1864	0.8142846695419088
1092	2284	0.8284744051989312
1092	2312	0.8702075804368964
1092	2690	0.8453701014558285
1096	1112	0.8927264684260233
1096	1153	0.8148662908797725
1096	1155	0.8211596353039429
1096	1187	0.8000766825360218
1096	1316	0.8107929056919182
1096	1351	0.8165962369785019
1096	1558	0.8712716217130765
1096	1645	0.8527269519835947
1096	1832	0.8048579461827347
1096	1852	0.8372126277666078
1096	1864	0.8474531445932628
1096	2080	0.8010708129849239
1096	2284	0.8156086592382695
1096	2312	0.8775621579057805
1096	2347	0.8342194523456606
1096	2690	0.8932682188928863
1096	2742	0.8886503911820512
1100	1329	0.80090393651724
1103	1162	0.8037625124228402
1103	1509	0.8070408215538003
1107	1864	0.8126725169493629
1111	1250	0.8204951039556112
1111	1462	0.8053503860591595
1111	1860	0.8054967622040171
1112	1130	0.8045552145462542
1112	1155	0.8145629770712227
1112	1187	0.8274928973479787
1112	1270	0.8129820186732583
1112	1316	0.806462682813701
1112	1351	0.8135659541806157
1112	1443	0.8423482535181505
1112	1558	0.901510229540137
1112	1645	0.8705704444302125
1112	1683	0.8388714662014521
1112	1832	0.8004313346795109
1112	1852	0.8447800330608255
1112	1864	0.8729668932233476
1112	2080	0.816818475578466
1112	2089	0.8055404191084721
1112	2284	0.8665300472932946
1112	2312	0.8954997485425095
1112	2347	0.8906915545479308
1112	2479	0.8230167299301508
1112	2690	0.9245256345368148
1112	2742	0.8972546995462954
1130	1864	0.8002554533804982
1130	2312	0.8074646702265652
1130	2690	0.837442243841455
1130	2742	0.81998138393919
1142	2580	0.8050591378459087
1147	1578	0.8075409984162849
1147	2178	0.8002805548608826
1147	2690	0.8069222736204733
1153	1155	0.9498872150895883
1153	1159	0.8914344905610084
1153	1558	0.8191039143349607
1153	1864	0.8099418581171548
1153	2690	0.8161322210897208
1155	1159	0.9064556160034137
1155	1558	0.8321359052431148
1155	1864	0.8096863348635894
1155	2284	0.8000377556065043
1155	2312	0.8313778698672804
1155	2690	0.8396031708503285
1155	2742	0.8012055618961251
1159	1558	0.8028097765524773
1162	1509	0.9891796092460008
1169	1839	0.8380305690163798
1170	1171	0.9975308725654178
1174	2039	0.8041469827360133
1187	2690	0.8032199315689699
1188	1463	0.830926707024272
1188	1752	0.867801735645092
1209	1623	0.8453871122861792
1214	1273	0.8201135896827378
1214	1987	0.8289584753649547
1214	2080	0.8696088884962095
1214	2186	0.8549900443014349
1214	2417	0.8882941728141304
1218	1486	0.8885520336739341
1218	2140	0.8351677033949622
1218	2259	0.8325131768127942
1218	2277	0.8006606052531402
1218	2589	0.8542977155695779
1218	2747	0.8137693525827954
1218	2832	0.8444798219735418
1218	2928	0.8702913992667755
1236	1749	0.803850626079929
1236	2080	0.8555625287504645
1248	1250	0.8269637907153794
1248	1316	0.8136536987461553
1248	1860	0.8387401321967424
1249	1353	0.8112156508555156
1249	1904	0.8002743905017536
1250	1264	0.8000316204129955
1250	1316	0.8353177251754724
1250	1860	0.8077939508836939
1270	2102	0.8047939223090763
1270	2690	0.8383763915757702
1273	2186	0.8543479315995797
1273	2417	0.8378883580174368
1274	1275	0.9398746427877895
1274	1277	0.9286642873587032
1274	1297	0.8214422082590113
1274	2070	0.8101879240479869
1275	1277	0.910135660051116
1275	2070	0.8283343829800005
1277	1297	0.8438614863781216
1277	1462	0.815673685192274
1277	1464	0.821733656403236
1277	2070	0.8126999780262214
1278	1280	0.9308524831875734
1292	1295	0.8087166533646389
1292	2388	0.8908777394506938
1295	2072	0.8024238756376937
1295	2531	0.8306634494488756
1297	1462	0.8099744199108437
1297	1683	0.8023096192490291
1297	2070	0.8166314508325719
1297	2286	0.8034709558361821
1297	2754	0.8089629147724663
1312	2889	0.8031594318918566
1316	1462	0.8082109260079323
1316	1558	0.803277397480494
1316	1718	0.8014295189289159
1316	1852	0.801826868777636
1316	2347	0.8305856389647323
1316	2690	0.801563398572233
1329	1824	0.8267237926335205
1329	1998	0.8306779406515383
1329	2644	0.8329339628971747
1329	2728	0.8027228523761043
1337	1582	0.8143462189022187
1337	2152	0.8086055882310603
1348	1357	0.9068523116102661
1351	1558	0.8617729169112038
1351	1645	0.8460322412642625
1351	1852	0.8079212050324591
1351	1864	0.8163547857942182
1353	1462	0.8139758606345184
1353	1467	0.8667457117291216
1353	1558	0.8026096743855363
1353	1683	0.8286790385346665
1353	1904	0.8638115835833114
1353	2260	0.8080200404319801
1353	2286	0.9005746628947857
1353	2300	0.8917430361291262
1353	2347	0.8314925299292414
1353	2369	0.8083122267914798
1353	2754	0.8020555537195233
1356	2930	0.8182299070943492
1360	1807	0.8129128074479496
1369	2080	0.811638923008309
1405	1521	0.823720786707817
1405	1552	0.8502733820972688
1405	1698	0.8366356262909797
1405	1723	0.8068020576792283
1405	1744	0.8615408189402309
1405	1784	0.8095166947614599
1405	1791	0.8118178399159449
1405	1800	0.818937478245356
1405	1803	0.8429961026222488
1405	1805	0.8169129565612138
1405	1807	0.8141414012753025
1405	1808	0.8811693310800374
1405	1811	0.8424816205211786
1405	1836	0.8463518129705224
1405	1899	0.806058553612972
1405	1903	0.84107737796176
1405	1936	0.8346721562750762
1405	1954	0.8367259272471463
1405	1962	0.8192917974089582
1405	1984	0.8033849068967752
1405	2135	0.8082260702180392
1405	2136	0.8606326453042961
1405	2779	0.8005575430759743
1405	2780	0.8444766115746448
1405	2791	0.821366607985779
1405	2792	0.8358867665775747
1405	2816	0.811269634238047
1443	1645	0.8032053268152977
1443	1852	0.8173765784456087
1443	1864	0.853535274881631
1443	2213	0.8053358317978822
1443	2312	0.8177862191769527
1443	2347	0.8140492843227569
1443	2690	0.8260330253620707
1443	2742	0.8089487318238364
1448	1465	0.8070816160819778
1448	1466	0.8853244439063631
1448	2821	0.8222565750732375
1462	1464	0.8433866511603761
1462	1904	0.8334013621207463
1462	2286	0.8308252072072805
1462	2347	0.8037412438347312
1463	1752	0.8660058774957389
1463	2178	0.8206000643265191
1467	1904	0.8491525012457454
1467	2286	0.8627122685450371
1467	2300	0.8605352266686667
1476	2385	0.8374789332477266
1486	1578	0.8340261226454581
1486	2038	0.8290312179700284
1486	2140	0.8680472345403248
1486	2178	0.8143289330058068
1486	2259	0.8787752664215287
1486	2404	0.8013365946147223
1486	2589	0.8386117791215194
1486	2747	0.8386305423147239
1486	2832	0.8524975760652235
1486	2928	0.8685527371646825
1493	1512	0.8498756962423504
1493	1904	0.8101604246689048
1493	2250	0.9126866521624862
1493	2292	0.8243575704586995
1493	2299	0.8690409891147612
1493	2300	0.8073081918750652
1493	2403	0.8999048838822206
1493	2470	0.8587206512058855
1501	2102	0.8157931693133874
1512	2299	0.8629307518339607
1512	2403	0.8360221109553072
1516	1723	0.8478001702197173
1516	1811	0.8229572756502629
1516	1954	0.8056831982895634
1516	2136	0.8202376432460542
1516	2816	0.8013802863627953
1521	1744	0.8434467968824776
1521	1803	0.8120470917872348
1521	1805	0.8107613453455478
1521	1808	0.8212802928871641
1521	1836	0.8126526599384817
1521	2136	0.8233056059014304
1521	2791	0.8018503832169194
1521	2792	0.8242231593185552
1528	2035	0.8544057923013066
1528	2492	0.8136253863297701
1528	2636	0.8385336841970145
1528	2691	0.8687884039552584
1537	2631	0.8037098100396927
1538	1540	0.9899227337087159
1551	1772	0.8066711351884015
1551	2107	0.828408885371913
1551	2628	0.82689518030647
1552	1744	0.8108923526814663
1552	1787	0.8251732110786313
1552	1791	0.8476208556590569
1552	1794	0.8178324565566573
1552	1800	0.8447180772344509
1552	1803	0.820703880747812
1552	1808	0.8176088219416241
1552	1811	0.8280639635644895
1552	1903	0.8175321493353184
1552	1929	0.8110240902700768
1552	1936	0.8160838181743596
1552	1962	0.8164572108305137
1552	2136	0.8571606298964755
1552	2780	0.8401236130873349
1552	2791	0.8055375056799955
1552	2792	0.8325302547232971
1552	2799	0.8119973382379071
1558	1645	0.8593081646250207
1558	1669	0.8037380734177919
1558	1683	0.8429731459779314
1558	1832	0.804990145571144
1558	1852	0.8479230809132762
1558	1864	0.8670727173581805
1558	2213	0.8043950939294324
1558	2312	0.839519252354848
1558	2347	0.8375766741489588
1558	2479	0.8025239459263539
1558	2690	0.8922268996664696
1558	2742	0.8665288569292605
1577	1889	0.8219744928965719
1578	1666	0.8671319295531533
1578	1752	0.8033882246987696
1578	2089	0.8446522207289643
1578	2140	0.8241811145301481
1578	2178	0.8855548429127549
1578	2259	0.8226276654010237
1578	2312	0.816695335772934
1578	2370	0.8019957856387414
1578	2589	0.8089221209186266
1578	2690	0.8018782795586425
1578	2733	0.8400660825518029
1578	2928	0.8207686513386373
1582	2148	0.8208429494787289
1582	2838	0.8661035754940248
1582	2908	0.8963693868337042
1595	2179	0.8088434425402357
1598	1859	0.818260547681866
1598	1982	0.801493083018316
1604	1704	0.817411815883928
1604	2905	0.8142480244453677
1610	1945	0.8352009796374794
1615	2766	0.8858803784155986
1616	2706	0.8211100389143813
1617	2412	0.8403400306814839
1617	2470	0.8158141843277444
1631	1688	0.8415461196680776
1638	1799	0.8620881223445436
1638	1807	0.8190633607588721
1645	1852	0.8416680494196781
1645	1864	0.8489831361560607
1645	2213	0.8001602628253693
1645	2284	0.8259706539006694
1645	2312	0.8564599715129594
1645	2347	0.8358335027257539
1645	2690	0.8747539190601251
1645	2742	0.8254071354694208
1647	1718	0.8661142653598923
1666	2089	0.8239337884207915
1666	2178	0.885046495581876
1667	1959	0.8176603690344301
1668	2418	0.8400095419891243
1669	1683	0.851328150439191
1669	2754	0.8095348080754976
1670	1785	0.818377767427092
1670	2432	0.8184570658385086
1672	1800	0.8072603382275271
1683	2347	0.8494377885931467
1683	2754	0.8709275673194561
1685	1794	0.8051595934061542
1685	1800	0.8045241117341659
1691	1744	0.8198775894657159
1691	1783	0.8468049052858264
1691	1803	0.8393370983310745
1691	1805	0.8811903496927188
1691	1807	0.8351119703448937
1691	1808	0.8273951849186983
1691	1811	0.8513195245793735
1691	1836	0.8210181896362079
1691	1872	0.814243962873163
1691	1903	0.8410411873259257
1691	1954	0.8133711694370752
1691	1962	0.8257311786805741
1691	2816	0.811231908678789
1698	1744	0.8569840341709325
1698	1787	0.8224741138041719
1698	1803	0.8461642316042696
1698	1804	0.8077104129395494
1698	1805	0.8290925077490924
1698	1808	0.8582273424911917
1698	1811	0.8397644910611163
1698	1836	0.844206176798306
1698	1899	0.8063609567309501
1698	1903	0.8036378562572623
1698	1954	0.8318082570851265
1698	1962	0.8035907615301379
1698	2779	0.8040661892171255
1704	2905	0.813523569954938
1707	2797	0.8092591332032857
1719	1783	0.8114498752098067
1719	1803	0.8124538757690423
1723	1744	0.8266286801200458
1723	1803	0.8284240155894883
1723	1805	0.8271573934164261
1723	1808	0.8296707412576462
1723	1811	0.809497469081596
1723	1836	0.8021983719801565
1723	1899	0.8010420698462614
1723	1903	0.814549421101468
1723	1954	0.8375381754429901
1723	1962	0.8198621649941539
1723	2136	0.8077846693367582
1723	2816	0.81080219870248
1737	1787	0.8427692897957272
1737	1807	0.8198047619293904
1737	1903	0.8028520797161879
1744	1745	0.846430583914879
1744	1783	0.8400503061242882
1744	1784	0.8385822120216397
1744	1786	0.8440334628574333
1744	1791	0.8187126446457698
1744	1800	0.8301677328377497
1744	1803	0.9004528831006751
1744	1805	0.8405019060283672
1744	1807	0.8078079026164068
1744	1808	0.8808424982517319
1744	1811	0.8588519017253122
1744	1836	0.8538870655324912
1744	1872	0.8080844902211362
1744	1899	0.8138738992111668
1744	1903	0.8408220808333249
1744	1936	0.8018989763719323
1744	1954	0.8469139951003032
1744	1962	0.8293774936721355
1744	2136	0.8339829323572122
1744	2779	0.8019191226337267
1744	2780	0.8108273621982661
1744	2792	0.8083458284980272
1745	1784	0.8142749302182891
1745	1803	0.8512242189656638
1745	1808	0.81990815182747
1745	1811	0.8259177020710674
1749	1789	0.8687112479582489
1749	1987	0.8044872099138732
1749	2030	0.8721248986002884
1749	2080	0.8562608852054165
1749	2427	0.8469939948100581
1749	2910	0.8083571142964534
1752	2178	0.8173971679592559
1772	2628	0.8261572026572961
1783	1803	0.8699588341892251
1783	1805	0.8741472267325977
1783	1807	0.8093466373091535
1783	1808	0.8318153969189693
1783	1811	0.8267330486228787
1783	1872	0.8289304345972007
1783	1899	0.8102801259496597
1783	1903	0.8560957920119228
1783	1936	0.8004847549082974
1783	1954	0.8183483181907771
1783	1962	0.8348694293224227
1783	2136	0.819216247052251
1783	2792	0.8080289132945823
1784	1786	0.8004893976948172
1784	1803	0.8521256621802772
1784	1805	0.8013622124228067
1784	1808	0.8634133671976717
1784	1811	0.8226748980653945
1784	1836	0.8486163969435422
1784	1872	0.8057980830819159
1784	1936	0.802208374706216
1784	1962	0.813325438370958
1784	2136	0.8089360823373029
1784	2780	0.844585467666941
1784	2792	0.8121194863813568
1784	2799	0.8177455495114406
1785	2432	0.9027957034467186
1786	1803	0.8387634416538671
1786	1805	0.8143801910314825
1786	1808	0.8133659999316628
1786	1903	0.802509311696459
1786	1954	0.8289809817367485
1786	1962	0.807642957607472
1786	2774	0.8046423043471261
1786	2791	0.8143512879212805
1787	1803	0.8226523082003137
1787	1804	0.8619407550050883
1787	1805	0.8318739686182508
1787	1807	0.811690201958819
1787	1808	0.8157645581520574
1787	1811	0.8398110651509306
1787	1836	0.8150824946787093
1787	1872	0.8006644766194704
1787	1899	0.8077851253502311
1787	1903	0.8391487294543147
1787	1936	0.810824413529081
1787	1954	0.8377486716313479
1787	1962	0.8073032531919172
1787	2136	0.8253627442798347
1787	2780	0.8280656175343132
1787	2792	0.8148540286620787
1789	2030	0.8397208069841308
1789	2080	0.8184064976954771
1789	2427	0.8108660320559496
1791	1794	0.8389886880636495
1791	1800	0.8434156399583598
1791	1803	0.8425166569385366
1791	1805	0.8039995163337241
1791	1811	0.8449242050635529
1791	1836	0.8045348143389708
1791	1847	0.8035528545584422
1791	2136	0.8120669533471573
1791	2780	0.8002036793605105
1794	1800	0.8044432223301694
1794	1811	0.8007023311089051
1794	2780	0.8029920136808096
1797	1798	0.880928688986176
1800	1803	0.8240119011736267
1800	1805	0.8051631133310136
1800	1807	0.8057361735336536
1800	1808	0.8079921081768003
1800	1811	0.818582342744861
1800	1836	0.813794902652155
1800	1899	0.8051829385884153
1800	1954	0.8159583990623123
1800	1962	0.8235372530914454
1800	2136	0.8472017844663665
1800	2791	0.8192913646707749
1800	2816	0.8021460194801663
1803	1804	0.8107397332738716
1803	1805	0.8740242055803045
1803	1807	0.8439183893325857
1803	1808	0.8785766742025067
1803	1811	0.8768082718036201
1803	1836	0.8764438084723455
1803	1872	0.8429682251815881
1803	1899	0.8257233180407807
1803	1903	0.8734003662004558
1803	1936	0.8469617670743185
1803	1954	0.8628499202942399
1803	1962	0.8635010132791419
1803	2136	0.8322697602221487
1803	2779	0.8175216703236889
1803	2780	0.8362752616813456
1803	2791	0.8142146344704262
1803	2792	0.8235476661614309
1803	2799	0.8132187664027686
1803	2816	0.8123742322449825
1804	1811	0.8316944505067512
1804	1836	0.8068069333168996
1804	1899	0.8016663090505611
1804	1954	0.8524589739452548
1805	1807	0.8001787572708067
1805	1808	0.852294824412329
1805	1811	0.8389758922575843
1805	1836	0.8143379632517042
1805	1872	0.8143462496318006
1805	1899	0.8276862271021064
1805	1903	0.8564950815863398
1805	1954	0.843553358790497
1805	1962	0.838227055633771
1805	2136	0.8656855837832746
1805	2792	0.8251862009387313
1805	2816	0.8193690700563963
1807	1808	0.8321682790046401
1807	1811	0.8430523444330086
1807	1836	0.828074778381042
1807	1872	0.8425475870526015
1807	1903	0.8224896117563951
1807	1936	0.8278944820227377
1807	1954	0.8162149009222134
1807	1962	0.8078923933920736
1807	2136	0.8027762066741723
1807	2774	0.8525692102381007
1808	1811	0.8675314853950646
1808	1836	0.9076641521004505
1808	1872	0.8377486172541173
1808	1899	0.8101274325120544
1808	1903	0.8473907964947318
1808	1936	0.8548944792277527
1808	1954	0.8417421675742943
1808	1962	0.8684957222622504
1808	1984	0.8070653174905157
1808	2135	0.8062386976007083
1808	2136	0.8779831521580518
1808	2779	0.8039772411503252
1808	2780	0.8495891685450077
1808	2791	0.8310377413322759
1808	2792	0.8174888341868237
1808	2799	0.8074309273071417
1808	2816	0.8385839057311277
1811	1836	0.8456333624732126
1811	1872	0.8125900153137255
1811	1899	0.8069318262986371
1811	1903	0.9028660233318535
1811	1929	0.804687823696699
1811	1936	0.8414453455250295
1811	1954	0.8397598255921797
1811	1962	0.8349282489665024
1811	1984	0.8038813547039438
1811	2135	0.8114092424541678
1811	2136	0.8712268595249792
1811	2779	0.8133352999909265
1811	2780	0.8433095200637463
1811	2792	0.8277804890010039
1811	2816	0.8352675838548383
1824	2505	0.8016189222199245
1824	2622	0.8098239421729849
1824	2644	0.8396283966603636
1832	1833	0.9720050055581492
1832	2347	0.8055054796394374
1836	1872	0.8353928693603474
1836	1899	0.8083494798689883
1836	1903	0.8207575124176327
1836	1936	0.8665259581898747
1836	1954	0.8699702135185404
1836	1962	0.8572480680964017
1836	2135	0.8091358397107312
1836	2136	0.8428121805628422
1836	2779	0.8005733548459264
1836	2780	0.8275291747177849
1836	2791	0.8229991680570495
1836	2792	0.804452731406771
1836	2816	0.8013957132791113
1852	1864	0.8480833812678717
1852	2284	0.8321451217680225
1852	2312	0.8664927464883405
1852	2347	0.8542976315325703
1852	2479	0.8037334881916705
1852	2690	0.8723939441704488
1852	2742	0.8145797937522341
1859	2818	0.8014441839927398
1864	2213	0.8516610260719542
1864	2284	0.8119617697580068
1864	2312	0.8626627556849085
1864	2347	0.8007304595631164
1864	2690	0.8935860756993688
1864	2742	0.8587260763374445
1872	1936	0.8208630534369581
1872	1954	0.8348392735386607
1872	1962	0.8051145759036014
1872	2136	0.8032258878321498
1872	2780	0.8006742620258834
1885	1963	0.8590314420008085
1886	2503	0.8779357591899213
1894	2080	0.8181106933403696
1894	2417	0.8438174886415881
1899	1903	0.8152114341864267
1899	1936	0.8017603918265298
1899	1954	0.8485575212206807
1899	2136	0.835606808949667
1899	2816	0.8048033933052523
1903	1929	0.8122555118453356
1903	1936	0.8546905707825588
1903	1954	0.8533011317558447
1903	1962	0.8587982195024177
1903	2135	0.8195009327144548
1903	2136	0.8496827891434259
1903	2779	0.8088260913746239
1903	2780	0.8273933129903679
1903	2792	0.8319809529724952
1903	2816	0.8281233677052435
1904	2250	0.803481782173212
1904	2286	0.8842518023934218
1904	2300	0.85282541031421
1904	2347	0.80688715123656
1904	2369	0.8092387011760106
1925	2512	0.8708703202299896
1936	1954	0.8398030657303396
1936	1962	0.9263790052668743
1936	1984	0.8167515025399466
1936	2136	0.8438933275315638
1936	2779	0.8113491268881413
1936	2780	0.8333457527164169
1936	2792	0.8141354353265402
1954	1962	0.8363027346791827
1954	1984	0.802397520688483
1954	2136	0.8244833698055368
1954	2774	0.8044504778045501
1954	2779	0.8274695916322649
1954	2780	0.8019639624598548
1954	2791	0.8494171042587538
1954	2792	0.8072926656086912
1954	2816	0.8279521415540672
1959	2523	0.8137383227471279
1962	1984	0.8393780503901223
1962	2136	0.8556668814338866
1962	2779	0.8156158815869632
1962	2780	0.832539355578882
1962	2791	0.8096546257045261
1962	2792	0.8239378682431472
1962	2816	0.8190872603860901
1984	2136	0.8117768462085312
1985	1987	0.8561855208447152
1985	2080	0.8196960633124506
1985	2417	0.8079337944600807
1987	2080	0.8341339043497635
1987	2186	0.8225444877651639
1987	2417	0.8362425761885031
1992	2037	0.8164468616320755
2030	2427	0.8309699808627804
2035	2636	0.8299251702011649
2035	2691	0.8710639922861478
2038	2259	0.8204742246011784
2038	2455	0.8208216720757563
2038	2928	0.808815612366738
2055	2347	0.8047585275470382
2060	2193	0.8578734674689465
2080	2186	0.8117164881970768
2080	2312	0.8072215795252027
2080	2347	0.8156289889282604
2080	2417	0.8856658559436607
2080	2527	0.8100328624734917
2080	2910	0.8641646151153756
2089	2178	0.8459925052179201
2089	2312	0.8073290072112823
2089	2690	0.8250944505641625
2089	2733	0.8151285798208433
2092	2093	0.9004825771079434
2093	2193	0.8067340099677297
2102	2293	0.8095127820145578
2102	2312	0.8383917381050534
2102	2690	0.8180700180988378
2102	2833	0.8135388453334176
2133	2138	0.847429075396005
2134	2138	0.8315807364818946
2135	2136	0.866916527475598
2135	2780	0.8048317757888123
2135	2791	0.8058078642555178
2136	2779	0.8093764732216437
2136	2780	0.835596510496718
2136	2791	0.8004186409381575
2136	2792	0.8495015993270274
2136	2816	0.8135378973826976
2140	2178	0.8040803953192743
2140	2259	0.8067806334936918
2140	2589	0.8377205394207489
2140	2747	0.832513250043893
2140	2845	0.818856911399517
2140	2928	0.8107652572167009
2143	2202	0.8105004013032
2148	2908	0.8173803245283167
2178	2733	0.8692518766661742
2178	2928	0.8015384947979398
2186	2417	0.8188591459390073
2213	2479	0.8243634547099011
2213	2690	0.8416504423869423
2215	2216	0.9407083830293044
2250	2286	0.8113419565565693
2250	2299	0.8695908162721333
2250	2300	0.8214842994279408
2250	2403	0.8207176933564232
2250	2470	0.8390620701208372
2250	2802	0.8126454355665218
2259	2404	0.8119502225692944
2259	2455	0.8116484413391005
2259	2589	0.8607039659225211
2259	2832	0.8071036869716746
2259	2889	0.8067886685341885
2259	2928	0.8658423529143441
2260	2286	0.8638064167523023
2260	2300	0.8143384213868545
2277	2350	0.8009876027674273
2277	2370	0.8536383439261906
2284	2312	0.9435980310345431
2284	2347	0.823144775571032
2284	2469	0.8046745307455132
2284	2690	0.8632393227793613
2284	2742	0.8471648143458592
2286	2300	0.9176820520657989
2292	2470	0.8373176447916085
2299	2403	0.8402126298022402
2299	2419	0.8034800916214735
2299	2470	0.8254322692908457
2299	2802	0.8072872844600316
2301	2538	0.831371107695218
2305	2863	0.8176888952806606
2307	2308	0.9415607183868543
2312	2347	0.8549391464553474
2312	2479	0.8143589895905006
2312	2690	0.9158862091743967
2312	2742	0.8888010988127066
2312	2833	0.8159980836599543
2314	2571	0.9120601423520035
2347	2469	0.8102340398975525
2347	2479	0.8385913316375329
2347	2636	0.851446168135349
2347	2690	0.8586122155423811
2347	2691	0.8081565981506972
2347	2932	0.8397269381806725
2367	2368	0.8342581510738292
2403	2470	0.8304919516401117
2417	2527	0.8161548449990937
2419	2470	0.8098095407525723
2419	2802	0.8881799337683571
2455	2832	0.8093560061235585
2479	2690	0.8218889808439975
2482	2602	0.8117961231478235
2492	2636	0.8059624177786769
2492	2691	0.8044150475523963
2565	2889	0.8108284375108691
2575	2751	0.8579303814536634
2589	2747	0.83515459583141
2589	2832	0.8265404665412297
2589	2889	0.8338855073098381
2589	2928	0.8165124258360729
2636	2691	0.8853314959707501
2644	2652	0.8232487588997789
2690	2742	0.8908130409819255
2698	2701	0.8947828319609522
2703	2796	0.8224066161193064
2728	2796	0.803041561296832
2728	2832	0.8156575765141609
2747	2845	0.8145911100873766
2774	2799	0.800127807627578
2780	2791	0.8733425942691377
2780	2792	0.9025457471323677
2780	2799	0.8954898149369197
2791	2792	0.8504897147877548
2791	2799	0.8794884527507134
2792	2799	0.8854469955781429
2817	2930	0.8383953790922852
2832	2889	0.8089849695170003
2832	2928	0.8272115134710571
2838	2908	0.9167574662755461
2852	2858	0.8623408059974511
